ショップ名,JANコード,商品名,商品画像URL,商品価格,商品ページURL,ASIN,USアマゾンでの商品名,USアマゾンでの商品価格
ひゃくえんもん,4965534845731,"◇ナチュラルランチ小判 No.845　ピンク",,108,http://item.rakuten.co.jp/hyakuemon/yamada-845p/,B0043O2O8U,"Japanese Bento Box Set Pink Color",799
ひゃくえんもん,4956810220953,わが家は氷屋さん　（ブロック）　フタ付,http://thumbnail.image.rakuten.co.jp/@0_mall/hyakuemon/cabinet/00275021/img57126279.jpg?_ex=128x128,108,http://item.rakuten.co.jp/hyakuemon/kok-2095/,B00CBYPJJK,"Bottle Ice Block Tray with Lid",798
ひゃくえんもん,4965534845731,"◇ナチュラルランチ小判 No.845　ピンク",,108,http://item.rakuten.co.jp/hyakuemon/yamada-845p/,B0043O2O8U,"Japanese Bento Box Set Pink Color",799
ひゃくえんもん,4902102018852,"コカ・コーラ 350ml 缶24本",http://thumbnail.image.rakuten.co.jp/@0_mall/hyakuemon/cabinet/03749272/img60916570.jpg?_ex=128x128,2951,http://item.rakuten.co.jp/hyakuemon/ccw-101/,B00158V3IE,"350mlX24 this Coca-Cola",20996
ひゃくえんもん,4905596036005,ドアポケットケース,http://thumbnail.image.rakuten.co.jp/@0_mall/hyakuemon/cabinet/00265306/img55831152.jpg?_ex=128x128,108,http://item.rakuten.co.jp/hyakuemon/ino-0360/,B003HIF4PS,"Japanese Refrigerator Organize Container 3 Compartments #6005",549
ひゃくえんもん,4968988070940,"マコト 【1836】傷あて粘着ガーゼ 5枚入",http://thumbnail.image.rakuten.co.jp/@0_mall/hyakuemon/cabinet/00448304/img55477689.jpg?_ex=128x128,108,http://item.rakuten.co.jp/hyakuemon/mako-7094/,B009GESLYS,"Adhesive Gauze - 5 pieces",699
ひゃくえんもん,4973430019309,"サナダ精工 コンポロック ロングS",http://thumbnail.image.rakuten.co.jp/@0_mall/hyakuemon/cabinet/00255932/img58570903.jpg?_ex=128x128,108,http://item.rakuten.co.jp/hyakuemon/sana-d-5004/,B00GJ7YFZY,"Screw Cap Container 550 ml - Clear",799
ひゃくえんもん,4971902920030,"小久保工業所 【5976】保冷剤クールチャージ",http://thumbnail.image.rakuten.co.jp/@0_mall/hyakuemon/cabinet/00275021/img55567903.jpg?_ex=128x128,108,http://item.rakuten.co.jp/hyakuemon/kok-k-2003/,B006J6QW1U,"Cool Charge (200g) Freeze Pack",295
ひゃくえんもん,4571251622311,◇コードリール　小,http://thumbnail.image.rakuten.co.jp/@0_mall/hyakuemon/cabinet/00270126/img56270970.jpg?_ex=128x128,108,http://item.rakuten.co.jp/hyakuemon/sur-18495000/,B00GK1X7PI,"Small Round Cord Reel (Pack of 2)",499
ひゃくえんもん,4902102103381,"アクエリアス ゼロ 500ml PET24本",http://thumbnail.image.rakuten.co.jp/@0_mall/hyakuemon/cabinet/03749272/img60912390.jpg?_ex=128x128,3041,http://item.rakuten.co.jp/hyakuemon/ccw-1188/,B00CHIK2EW,"500mlX24 this Coca-Cola Aquarius zero",18061
ひゃくえんもん,4955959109310,【1512】液体キーパーL,http://thumbnail.image.rakuten.co.jp/@0_mall/hyakuemon/cabinet/00672464/img56758654.jpg?_ex=128x128,108,http://item.rakuten.co.jp/hyakuemon/nakaya-k093/,B008DJGS4C,"Liquid Keeper (Green) - 800 ml",799
ひゃくえんもん,4965534759007,ぶっくマークン　アニマル,http://thumbnail.image.rakuten.co.jp/@0_mall/hyakuemon/cabinet/00553513/img59294112.jpg?_ex=128x128,108,http://item.rakuten.co.jp/hyakuemon/yamada-759/,B00F2DXN5Y,"Kawaii!! Bookmark Clip ""Bookmakun"" [Made in Japan] Animal (10 Pieces)",100
ひゃくえんもん,4905596111894,"イノマタ化学 ベビーマグ　ブルー",http://thumbnail.image.rakuten.co.jp/@0_mall/hyakuemon/cabinet/00265306/img56255004.jpg?_ex=128x128,108,http://item.rakuten.co.jp/hyakuemon/ino-1118bu/,B004AXPMUQ,"My 2 Handle Mug Cup with Flip-top Cover (Blue)",699
ひゃくえんもん,4969757105207,【7013】B5レポート用紙A罫,http://thumbnail.image.rakuten.co.jp/@0_mall/hyakuemon/cabinet/00702637/img55552436.jpg?_ex=128x128,108,http://item.rakuten.co.jp/hyakuemon/ks-n-301/,B001MKOHKG,"3 Pcs Queen Size Futon Cover with Two Pillow-Lavender",5800
ひゃくえんもん,4905687245408,扇子23cm　モノグラム・ニンジャ,,130,http://item.rakuten.co.jp/hyakuemon/sur-24540/,B00K7SG7X4,"Japanese Folding Fan Sensu Monogram Ninja",1399
ひゃくえんもん,4955959109419,"ナカヤ化学産業 【1513】液体キーパーS",http://thumbnail.image.rakuten.co.jp/@0_mall/hyakuemon/cabinet/00672464/img56758655.jpg?_ex=128x128,108,http://item.rakuten.co.jp/hyakuemon/nakaya-k094/,B008DJGS7E,"Liquid Keeper (Blue) - 400 ml",750
ひゃくえんもん,4571251622311,◇コードリール　小,http://thumbnail.image.rakuten.co.jp/@0_mall/hyakuemon/cabinet/00270126/img56270970.jpg?_ex=128x128,108,http://item.rakuten.co.jp/hyakuemon/sur-18495000/,B00GK1X7PI,"Small Round Cord Reel (Pack of 2)",499
ひゃくえんもん,4973430002752,"サナダ精工 A4ラック縦型 サナダ精工",http://thumbnail.image.rakuten.co.jp/@0_mall/hyakuemon/cabinet/00255932/img59472296.jpg?_ex=128x128,130,http://item.rakuten.co.jp/hyakuemon/sana-l8010/,B00899UYQE,"Sanada A4 rack vertical clear",1786
ひゃくえんもん,4905596311713,"イノマタ化学 ピンチバスケット",http://thumbnail.image.rakuten.co.jp/@0_mall/hyakuemon/cabinet/00265306/img55831131.jpg?_ex=128x128,108,http://item.rakuten.co.jp/hyakuemon/ino-3117/,B004SB00M0,"Japanese Clothespins & Hanging Basket (Green)",799
ひゃくえんもん,4905596210917,"イノマタ化学 【1625】リーフ 手桶　グリーン",http://thumbnail.image.rakuten.co.jp/@0_mall/hyakuemon/cabinet/goq001/19735_1.jpg?_ex=128x128,108,http://item.rakuten.co.jp/hyakuemon/ino-2109-g/,B004QTSQT8,"Japanese Water Ladle Leaf Series Green #0917",498
ひゃくえんもん,4905596650591,"イノマタ化学 ネクベルハンガー",http://thumbnail.image.rakuten.co.jp/@0_mall/hyakuemon/cabinet/00265306/img55417086.jpg?_ex=128x128,108,http://item.rakuten.co.jp/hyakuemon/ino-6505/,B004TOB912,"Japanese Plastic Tie Belt Hanger Lime Color #0591",699
ひゃくえんもん,4905596650591,"イノマタ化学 ネクベルハンガー",http://thumbnail.image.rakuten.co.jp/@0_mall/hyakuemon/cabinet/00265306/img55417086.jpg?_ex=128x128,108,http://item.rakuten.co.jp/hyakuemon/ino-6505/,B004TOB912,"Japanese Plastic Tie Belt Hanger Lime Color #0591",699
ひゃくえんもん,4902102107358,ジョージアエメラルドマウンテンブレンド185g缶30本,http://thumbnail.image.rakuten.co.jp/@0_mall/hyakuemon/cabinet/03749272/img60931068.jpg?_ex=128x128,3306,http://item.rakuten.co.jp/hyakuemon/ccw-2601/,B0012Z1OU2,"GEORGIA EMERALD MOUNTAIN 185gx30",6632
ひゃくえんもん,4935674000529,◇【5375】マドラー泡立（小）,,108,http://item.rakuten.co.jp/hyakuemon/ech-0301-015/,B003RMQH28,"Japanese Stainless Steel Egg Beater Whipper S",
ひゃくえんもん,4991203112316,【5211】ドライバー6P（ケース入）,http://thumbnail.image.rakuten.co.jp/@0_mall/hyakuemon/cabinet/00240819/img20389106.jpg?_ex=128x128,108,http://item.rakuten.co.jp/hyakuemon/ech-0536-047/,B005PDEY54,"Japanese ECHO Portable Screwdriver 6pc Set",699
ひゃくえんもん,4905596055044,"イノマタ化学 【1667】フィーリング ザル22 パールオレンジ",http://thumbnail.image.rakuten.co.jp/@0_mall/hyakuemon/cabinet/00265306/img23415914.jpg?_ex=128x128,108,http://item.rakuten.co.jp/hyakuemon/ino-0550-o/,B003QNQSPY,"2pcs Japanese Colander Yellow #55044",799
ひゃくえんもん,4905596115106,"イノマタ化学 【1690】なるほどしゃもじケース付",http://thumbnail.image.rakuten.co.jp/@0_mall/hyakuemon/cabinet/00240938/img22943683.jpg?_ex=128x128,108,http://item.rakuten.co.jp/hyakuemon/ino-1151/,B003TJODZ2,"Japanese Rice Paddle with Holder",749
ひゃくえんもん,4935674000529,◇【5375】マドラー泡立（小）,,108,http://item.rakuten.co.jp/hyakuemon/ech-0301-015/,B003RMQH28,"Japanese Stainless Steel Egg Beater Whipper S",
ひゃくえんもん,4968988074030,つけまつげ用接着剤　黒,http://thumbnail.image.rakuten.co.jp/@0_mall/hyakuemon/cabinet/00448304/img56522295.jpg?_ex=128x128,108,http://item.rakuten.co.jp/hyakuemon/mako-7403/,B002SQXT8O,"Generic Makota Cosmetic Magic Eyelash Glue 5g Black",
ひゃくえんもん,4902102069366,"アクエリアス 500ml PET24本",http://thumbnail.image.rakuten.co.jp/@0_mall/hyakuemon/cabinet/03749272/img60912386.jpg?_ex=128x128,3041,http://item.rakuten.co.jp/hyakuemon/ccw-1658/,B003UTTPTK,"Aquarius air bottle 500mlX24 this",12373
ひゃくえんもん,4902102058742,"カナダドライジンジャエール 350ml缶24本",http://thumbnail.image.rakuten.co.jp/@0_mall/hyakuemon/cabinet/03749272/img60912621.jpg?_ex=128x128,2951,http://item.rakuten.co.jp/hyakuemon/ccw-3227/,B00158V46A,"Ginger ale 350ml cans ~ 24 this",7597
ひゃくえんもん,4982494310031,◇BOY　スクエアBOX（M）,,108,http://item.rakuten.co.jp/hyakuemon/nakano-tb-279b/,B002RPR4UA,"Tomo Tomo Blue Giraffe Animal Zoo Bento Lunch Box (M)",
ひゃくえんもん,4978446503323,"シリコンおかずカップ フラワー3個入",http://thumbnail.image.rakuten.co.jp/@0_mall/hyakuemon/cabinet/02278688/img57038132.jpg?_ex=128x128,108,http://item.rakuten.co.jp/hyakuemon/maru-50332/,B002QEQSH2,"M.V. Trading Silicone Food Sushi Mold Cup for Bento Lunch Box, Flower Garden, Set of 3",965
ひゃくえんもん,4956810801091,"小久保工業所 delijoy プッシュクリップ3個入",http://thumbnail.image.rakuten.co.jp/@0_mall/hyakuemon/cabinet/goq001/24878_1.jpg?_ex=128x128,108,http://item.rakuten.co.jp/hyakuemon/kok-kk-224/,B010NDZ8K0,"Push Clip Food Bag Cinchers - 3 Pack",450
ひゃくえんもん,4905596212218,リーフ　歯ブラシスタンドグリーン,http://thumbnail.image.rakuten.co.jp/@0_mall/hyakuemon/cabinet/00265306/img55756503.jpg?_ex=128x128,108,http://item.rakuten.co.jp/hyakuemon/ino-2122-g/,B004QTFKT2,"Japanese Toothbrush Holder Stand Leaf Series Green 2218",499
ひゃくえんもん,4905596212218,リーフ　歯ブラシスタンドグリーン,http://thumbnail.image.rakuten.co.jp/@0_mall/hyakuemon/cabinet/00265306/img55756503.jpg?_ex=128x128,108,http://item.rakuten.co.jp/hyakuemon/ino-2122-g/,B004QTFKT2,"Japanese Toothbrush Holder Stand Leaf Series Green 2218",499
ひゃくえんもん,4956810860647,"Pitacco シール型フックホームピンク",http://thumbnail.image.rakuten.co.jp/@0_mall/hyakuemon/cabinet/00275021/img58612197.jpg?_ex=128x128,130,http://item.rakuten.co.jp/hyakuemon/kok-km-065/,B00PE724SU,"Home Pattern Hook (Sticker Type)",799
ひゃくえんもん,4902102052344,"ファンタグレープ 500ml缶24本",http://thumbnail.image.rakuten.co.jp/@0_mall/hyakuemon/cabinet/03749272/img60916568.jpg?_ex=128x128,2951,http://item.rakuten.co.jp/hyakuemon/ccw-2461/,B007PM4BV0,"500mlX24 this Coca-Cola Fanta Grape",6933
ひゃくえんもん,4902102056878,"ミニッツメイド朝の健康果実オレンジブレンド350ml PET24本",http://thumbnail.image.rakuten.co.jp/@0_mall/hyakuemon/cabinet/03749272/img60912579.jpg?_ex=128x128,3249,http://item.rakuten.co.jp/hyakuemon/ccw-3291/,B000L427XS,"Minute Maid orange blend 350ml ~ 24 this",7136
ひゃくえんもん,4956810707010,ホイップ洗顔,http://thumbnail.image.rakuten.co.jp/@0_mall/hyakuemon/cabinet/00275021/imgrc0063668245.jpg?_ex=128x128,281,http://item.rakuten.co.jp/hyakuemon/kok-c-701/,B000FQQRB0,"Bubble Net Whip Face Wash",591
ひゃくえんもん,4969757110843,咲　金封（結婚用）,http://thumbnail.image.rakuten.co.jp/@0_mall/hyakuemon/cabinet/00702637/img55673721.jpg?_ex=128x128,108,http://item.rakuten.co.jp/hyakuemon/ks-c009/,B006KLKYBI,"Japanese Money Envelopes for marriage (set of 3)",
ひゃくえんもん,4986653900828,"ふわふわサンドイッチメーカー （四角タイプ）",,108,http://item.rakuten.co.jp/hyakuemon/ech-0447-148/,B003RR6GZQ,"Fuwa Fuwa Sandwich Maker",200
ひゃくえんもん,4520297090059,【1157】毛ぬきセット（細・太）,http://thumbnail.image.rakuten.co.jp/@0_mall/hyakuemon/cabinet/00156072/img22146312.jpg?_ex=128x128,108,http://item.rakuten.co.jp/hyakuemon/pok-09-005/,B008DJGB2Q,"Etiquette Series Hair Plucking Tweezer Set",
ひゃくえんもん,4956810801091,"小久保工業所 delijoy プッシュクリップ3個入",http://thumbnail.image.rakuten.co.jp/@0_mall/hyakuemon/cabinet/goq001/24878_1.jpg?_ex=128x128,108,http://item.rakuten.co.jp/hyakuemon/kok-kk-224/,B010NDZ8K0,"Push Clip Food Bag Cinchers - 3 Pack",450
ひゃくえんもん,4973430583503,"サナダ精工 レンジトレー 100円ショップ",http://thumbnail.image.rakuten.co.jp/@0_mall/hyakuemon/cabinet/00255932/imgrc0066521671.jpg?_ex=128x128,108,http://item.rakuten.co.jp/hyakuemon/sana-a5835-1/,B003PRTJWA,"Microwave Bowl Dish Holder Tray #3503",649
ひゃくえんもん,4905596111832,"イノマタ化学 ベビーマグ　ピンク",http://thumbnail.image.rakuten.co.jp/@0_mall/hyakuemon/cabinet/00265306/img56255005.jpg?_ex=128x128,108,http://item.rakuten.co.jp/hyakuemon/ino-1118p/,B004XXMI0U,"Japanese Baby Mug Training Cup w/ Lid Pink #1832",699
ひゃくえんもん,4955959116110,"ナカヤ化学産業 【1509】アレンジパックNo.1",http://thumbnail.image.rakuten.co.jp/@0_mall/hyakuemon/cabinet/00240938/img22917883.jpg?_ex=128x128,108,http://item.rakuten.co.jp/hyakuemon/nakaya-k161/,B00M8Q02KC,"Water Mug 10oz Red Made in Japan",
ひゃくえんもん,4902102108720,"爽健美茶すっきりブレンド 525ml PET24本",http://thumbnail.image.rakuten.co.jp/@0_mall/hyakuemon/cabinet/03749272/img60912393.jpg?_ex=128x128,3041,http://item.rakuten.co.jp/hyakuemon/ccw-1633/,B00BXW7CMS,"525mlPETX24 this Sokenbicha refreshing blend",35026
ひゃくえんもん,4955959116110,"ナカヤ化学産業 【1509】アレンジパックNo.1",http://thumbnail.image.rakuten.co.jp/@0_mall/hyakuemon/cabinet/00240938/img22917883.jpg?_ex=128x128,108,http://item.rakuten.co.jp/hyakuemon/nakaya-k161/,B00M8Q02KC,"Water Mug 10oz Red Made in Japan",
ひゃくえんもん,4905596210931,【2728】　リーフ手桶　ピンク,http://thumbnail.image.rakuten.co.jp/@0_mall/hyakuemon/cabinet/00265306/img55548232.jpg?_ex=128x128,108,http://item.rakuten.co.jp/hyakuemon/ino-2109p/,B004QTFKQ0,"Japanese Water Ladle Leaf Series Pink #0931",699
ひゃくえんもん,4982494310222,◇GIRL　スクエアBOX（M）,,108,http://item.rakuten.co.jp/hyakuemon/nakano-tg-279g/,B002TL5VAM,"Animals in the Sea & Forest Japanese Bento Lunch Boxes",
ひゃくえんもん,4905596111832,"イノマタ化学 ベビーマグ　ピンク",http://thumbnail.image.rakuten.co.jp/@0_mall/hyakuemon/cabinet/00265306/img56255005.jpg?_ex=128x128,108,http://item.rakuten.co.jp/hyakuemon/ino-1118p/,B004XXMI0U,"Japanese Baby Mug Training Cup w/ Lid Pink #1832",699
ひゃくえんもん,4969757110843,咲　金封（結婚用）,http://thumbnail.image.rakuten.co.jp/@0_mall/hyakuemon/cabinet/00702637/img55673721.jpg?_ex=128x128,108,http://item.rakuten.co.jp/hyakuemon/ks-c009/,B006KLKYBI,"Japanese Money Envelopes for marriage (set of 3)",
ひゃくえんもん,4984324013877,"不動化学 【2616】オレンジオイルで電子レンジきれい",http://thumbnail.image.rakuten.co.jp/@0_mall/hyakuemon/cabinet/00268945/img34386713.jpg?_ex=128x128,108,http://item.rakuten.co.jp/hyakuemon/fudo-c-1387/,B003PRSTYO,"Microwave oven cleaning wipe(pack of 5)",2200
ひゃくえんもん,4973430013284,"サナダ精工 電子レンジ調理器パスタ",http://thumbnail.image.rakuten.co.jp/@0_mall/hyakuemon/cabinet/00255932/img56094267.jpg?_ex=128x128,108,http://item.rakuten.co.jp/hyakuemon/sana-a5827/,B0096M2JDO,"Made in Japan - High Quality - Microwave Pasta Cooker",1314
ひゃくえんもん,4582373521680,立体チョコレート型,http://thumbnail.image.rakuten.co.jp/@0_mall/hyakuemon/cabinet/00270126/img59217374.jpg?_ex=128x128,108,http://item.rakuten.co.jp/hyakuemon/sur-22792000/,B00FLTKWFI,"Cutie 3D Silicone Jello Chocolate Mold",499
ひゃくえんもん,4982494310222,◇GIRL　スクエアBOX（M）,,108,http://item.rakuten.co.jp/hyakuemon/nakano-tg-279g/,B002TL5VAM,"Animals in the Sea & Forest Japanese Bento Lunch Boxes",
ひゃくえんもん,4560177466253,0291　ABC抜き型,http://thumbnail.image.rakuten.co.jp/@0_mall/hyakuemon/cabinet/00270126/img56590842.jpg?_ex=128x128,108,http://item.rakuten.co.jp/hyakuemon/sur-19728/,B016HMEBWM,"Colorful Lunch, Bento Ham Cheese Carrot Cutter, Letters",954
ひゃくえんもん,4905596210689,"イノマタ化学 【1644】リーフ タオルハンガー　ナチュラル",http://thumbnail.image.rakuten.co.jp/@0_mall/hyakuemon/cabinet/goq001/19728_1.jpg?_ex=128x128,108,http://item.rakuten.co.jp/hyakuemon/ino-2106-n/,B008DJGVB2,"Towel Hanger by Inomata.",1648
ひゃくえんもん,4956810860715,"Pitacco シール型フックガーデンブラウン",http://thumbnail.image.rakuten.co.jp/@0_mall/hyakuemon/cabinet/00275021/img58612204.jpg?_ex=128x128,130,http://item.rakuten.co.jp/hyakuemon/kok-km-072/,B00PE6XADY,"Leaf Pattern Hook (Sticker Type)",799
ひゃくえんもん,4973430583701,"サナダ精工 万能ラップ蓋　大小　2P 100円ショップ",http://thumbnail.image.rakuten.co.jp/@0_mall/hyakuemon/cabinet/00255932/img37650957.jpg?_ex=128x128,108,http://item.rakuten.co.jp/hyakuemon/sana-a-5837-c/,B003QNGNVS,"Microwave Bowl Cup Cover Set of 2",1102
ひゃくえんもん,4971902920443,"小久保工業所 クエン酸物語120g",http://thumbnail.image.rakuten.co.jp/@0_mall/hyakuemon/cabinet/00275021/img55414854.jpg?_ex=128x128,108,http://item.rakuten.co.jp/hyakuemon/kok-k-2044/,B008DJH69S,"Citric Acid",1999
ひゃくえんもん,4902102086240,紅茶花伝ロイヤルミルクティ280缶24本,http://thumbnail.image.rakuten.co.jp/@0_mall/hyakuemon/cabinet/03749272/img60912609.jpg?_ex=128x128,2951,http://item.rakuten.co.jp/hyakuemon/ccw-5786/,B00165P1EI,"Tea KADEN Royal milk tea 280g ~ 24 this",26989
ひゃくえんもん,4905596011132,"メジャーザル20 ピンク",http://thumbnail.image.rakuten.co.jp/@0_mall/hyakuemon/cabinet/00265306/img56605186.jpg?_ex=128x128,108,http://item.rakuten.co.jp/hyakuemon/ino-0111-p/,B005WI1BCQ,"Japanese 20 CM Colander (Pink Rose)",799
ひゃくえんもん,4905596119135,"イノマタ化学 ピュアポット　ピンク",http://thumbnail.image.rakuten.co.jp/@0_mall/hyakuemon/cabinet/goq001/19632_1.jpg?_ex=128x128,108,http://item.rakuten.co.jp/hyakuemon/ino-1191-p/,B00PE85EWM,"Pure Pot Container - Pink",950
ひゃくえんもん,4982494310178,◇GIRL　スリム2段ロング,,130,http://item.rakuten.co.jp/hyakuemon/nakano-tg-231g/,B002RPNLDO,"Pink Rabbit Bunny Flower Friend 2-tier Bento Lunch Box-japanese Kawaii Cute Kitchen",
ひゃくえんもん,4902102085885,"コカ・コーラ ゼロフリー 1．5L PET8本",http://thumbnail.image.rakuten.co.jp/@0_mall/hyakuemon/cabinet/03749272/img60912126.jpg?_ex=128x128,2404,http://item.rakuten.co.jp/hyakuemon/ccw-654/,B003JQKD7W,"1.5LX8 this Coca-Cola Zero Free",5100
ひゃくえんもん,4902102061636,リアルゴールド190ml缶30本,http://thumbnail.image.rakuten.co.jp/@0_mall/hyakuemon/cabinet/03749272/img60931082.jpg?_ex=128x128,3306,http://item.rakuten.co.jp/hyakuemon/ccw-293/,B0012Z1OXO,"REAL GOLD 190ml-30bottles",5348
ひゃくえんもん,4956810801152,トースタンプ　ハングリー,http://thumbnail.image.rakuten.co.jp/@0_mall/hyakuemon/cabinet/00275021/img61375977.jpg?_ex=128x128,108,http://item.rakuten.co.jp/hyakuemon/kok-kk-114/,B00W96ET96,"KOKUBO. TOAST + STAMP = SMILE! TOASTAMP, Hungry? Ver. Made in JAPAN. KK-114",
ひゃくえんもん,4973430002264,"サナダ精工 A4ラック横型　クリア サナダ精工",http://thumbnail.image.rakuten.co.jp/@0_mall/hyakuemon/cabinet/00255932/img57016081.jpg?_ex=128x128,130,http://item.rakuten.co.jp/hyakuemon/sana-8021/,B00899UZ3Q,"A4 rack horizontal L-8021 Clear",1399
ひゃくえんもん,4982494310178,◇GIRL　スリム2段ロング,,130,http://item.rakuten.co.jp/hyakuemon/nakano-tg-231g/,B002RPNLDO,"Pink Rabbit Bunny Flower Friend 2-tier Bento Lunch Box-japanese Kawaii Cute Kitchen",
ひゃくえんもん,4905596119135,"イノマタ化学 ピュアポット　ピンク",http://thumbnail.image.rakuten.co.jp/@0_mall/hyakuemon/cabinet/goq001/19632_1.jpg?_ex=128x128,108,http://item.rakuten.co.jp/hyakuemon/ino-1191-p/,B00PE85EWM,"Pure Pot Container - Pink",950
ひゃくえんもん,4969757101155,"協和紙工 両面おりがみ　35枚",http://thumbnail.image.rakuten.co.jp/@0_mall/hyakuemon/cabinet/00702637/img55512908.jpg?_ex=128x128,108,http://item.rakuten.co.jp/hyakuemon/ks-o-008/,B0020ILLA8,"35s Origami Folding Paper (Double Sided)",472
ひゃくえんもん,4520297030130,【1020】ペア・マーカー（赤）,http://thumbnail.image.rakuten.co.jp/@0_mall/hyakuemon/cabinet/00248631/img21513446.jpg?_ex=128x128,108,http://item.rakuten.co.jp/hyakuemon/pok-03-013/,B00434JJWO,"Pair marker red",3760
ひゃくえんもん,4582373521710,プチパテシエール　グミ型,http://thumbnail.image.rakuten.co.jp/@0_mall/hyakuemon/cabinet/00270126/img57484785.jpg?_ex=128x128,108,http://item.rakuten.co.jp/hyakuemon/sur-22795/,B00G1W8AIK,"Cutie Silicone Jello Gummy Candies Chocolate Mold",498
ひゃくえんもん,4969757101155,"協和紙工 両面おりがみ　35枚",http://thumbnail.image.rakuten.co.jp/@0_mall/hyakuemon/cabinet/00702637/img55512908.jpg?_ex=128x128,108,http://item.rakuten.co.jp/hyakuemon/ks-o-008/,B0020ILLA8,"35s Origami Folding Paper (Double Sided)",472
ひゃくえんもん,4973430019415,"サナダ精工 レンジ用蒸し器　飲茶",http://thumbnail.image.rakuten.co.jp/@0_mall/hyakuemon/cabinet/00255932/img58549844.jpg?_ex=128x128,108,http://item.rakuten.co.jp/hyakuemon/sana-d-5897/,B00PE8IPXW,"Microwave Oven Steamer - Yum Cha",
ひゃくえんもん,4905596211983,"【1652】リーフ ウォールラック　ナチュラル",http://thumbnail.image.rakuten.co.jp/@0_mall/hyakuemon/cabinet/00265306/img23353390.jpg?_ex=128x128,108,http://item.rakuten.co.jp/hyakuemon/ino-2119-n/,B004QTUN5I,"Japanese Wall Soap Tray w/ Suction Cup Leaf White #1983",549
ひゃくえんもん,4902102091862,い・ろ・は・す555mlPET24本,http://thumbnail.image.rakuten.co.jp/@0_mall/hyakuemon/cabinet/03749272/img60912378.jpg?_ex=128x128,2802,http://item.rakuten.co.jp/hyakuemon/ccw-5259/,B0026IAWMU,"I LOHAS (Lee LOHAS ?) 555ml ~ 24 this",16536
ひゃくえんもん,4982494310000,◇BOY　フルーツBOX,,130,http://item.rakuten.co.jp/hyakuemon/nakano-tb-118b/,B002RPP94S,"tomo tomo Zebra Bear Elephant giraffe Yellow bento Box-Japanese kawaii cute kitchen",1155
ひゃくえんもん,4969757101070,"協和紙工 おりがみ（小）　300枚/金銀入",http://thumbnail.image.rakuten.co.jp/@0_mall/hyakuemon/cabinet/00702637/img55512905.jpg?_ex=128x128,108,http://item.rakuten.co.jp/hyakuemon/ks-o-005/,B002FJTEVA,"Origami Paper Single Side Assorted Color 3in 300 sheets",470
ひゃくえんもん,4991203143693,赤ちゃん爪切シザーズ,http://thumbnail.image.rakuten.co.jp/@0_mall/hyakuemon/cabinet/00369277/img55874572.jpg?_ex=128x128,108,http://item.rakuten.co.jp/hyakuemon/ech-0836-063/,B003Z69OAS,"Yellow Baby Nail Rounded Scissors with Cap Easy and Safe",1295
ひゃくえんもん,4991203148056,"エコー金属 ステンレス深型角トレー",http://thumbnail.image.rakuten.co.jp/@0_mall/hyakuemon/cabinet/00369277/img55874587.jpg?_ex=128x128,108,http://item.rakuten.co.jp/hyakuemon/ech-0321-431/,B003RRBYSK,"Japanese Stainless Steel Vegetable Food Prepare Tray",3443
万天プラザ,4991203167521,"●　ハローキティ・ティースプーン ☆【万天プラザ　100円ショップ＋雑貨】",http://thumbnail.image.rakuten.co.jp/@0_mall/mantenpuraza/cabinet/ekokin1/imgrc0062482753.jpg?_ex=128x128,140,http://item.rakuten.co.jp/mantenpuraza/ekokin318/,B014Y3WSJO,"Hello Kitty, Tea Spoon, Ribbon design",770
万天プラザ,4973430020497,"●　流しすのこ　グリーン 100円均一 100均一 100均 120点セット ☆【万天プラザ　100円ショップ＋雑貨】",http://thumbnail.image.rakuten.co.jp/@0_mall/mantenpuraza/cabinet/sanada/img60856028.jpg?_ex=128x128,12960,http://item.rakuten.co.jp/mantenpuraza/ss28_120/,B00TYALVHS,"Japanese Plastic Sink Mat Lime Color",699
万天プラザ,4968988072296,"●　モイストダブルアイリッド 100円均一 100均一 100均 120点セット ☆【万天プラザ　100円ショップ＋雑貨】",http://thumbnail.image.rakuten.co.jp/@0_mall/mantenpuraza/cabinet/makoto/makoto305.jpg?_ex=128x128,12960,http://item.rakuten.co.jp/mantenpuraza/makoto47_120/,B002SR0ORM,"Generic Makota Cosmetic Magic Double Eyelid Glue Moist",
EZ-STORE,4970825089824,"ハローキティ 引フタコンビ 4個まで160円でメール便OK!! /日本製　お箸/お弁当/スプーンセット/おはし",http://thumbnail.image.rakuten.co.jp/@0_mall/suehiro-cop/cabinet/ikkatu2/4970825089824.jpg?_ex=128x128,429,http://item.rakuten.co.jp/suehiro-cop/4970825089824/,B00E3PL84K,"Hello Kitty (Hello Kitty) argument Futakonbi CT-27 (japan import)",1125
EZ-STORE,4936790515768,"★3ケースで送料無料★神戸居留地 微糖コーヒー 185g【1ケース/30本セット】",http://thumbnail.image.rakuten.co.jp/@0_mall/suehiro-cop/cabinet/ikkatu2/4936790515768.jpg?_ex=128x128,1662,http://item.rakuten.co.jp/suehiro-cop/4936790515768/,B00YTNSKUG,"185gX30 this Kobe settlement Kobe settlement fine sugar coffee",27118
EZ-STORE,4970825102660,"モンスターズ・ユニバーシティー(サリー) 引フタコンビ 4個まで160円でメール便OK!! /日本製　お箸/お弁当/スプーンセット/おはし",http://thumbnail.image.rakuten.co.jp/@0_mall/suehiro-cop/cabinet/ikkatu2/4970825102660.jpg?_ex=128x128,429,http://item.rakuten.co.jp/suehiro-cop/4970825102660/,B00LLUNBFO,"MONSTERS UNIVERSITY ( Sally ) argument Futakonbi CT-27",
EZ-STORE,4902135342894,"薬用　うるおい泡ハンドソープ 詰替用 200ml　/石鹸/せっけん",http://thumbnail.image.rakuten.co.jp/@0_mall/suehiro-cop/cabinet/ikkatu2/4902135342894.jpg?_ex=128x128,108,http://item.rakuten.co.jp/suehiro-cop/4902135342894/,B003PHPV22,"Medicated Moisturizing Foam Hand Soap Refill 200ml",
EZ-STORE,4952583056324,"【ひだまりのことり】　光を当てるとゆらゆら動く　電池不要！とり　マニア　癒し　ソーラー　おもちゃ",http://thumbnail.image.rakuten.co.jp/@0_mall/suehiro-cop/cabinet/ikkatu2/4952583056324.jpg?_ex=128x128,108,http://item.rakuten.co.jp/suehiro-cop/4952583056324/,B01A6L8G9E,"Hidamari Kotori (Small Bird in Sunlight) - solar sell toy",1499
EZ-STORE,4982790409897,お念珠　【男性用】お色はお任せ♪　/数珠/冠婚葬祭/ガラス製,http://thumbnail.image.rakuten.co.jp/@0_mall/suehiro-cop/cabinet/ikkatu2/4982790409897.jpg?_ex=128x128,129,http://item.rakuten.co.jp/suehiro-cop/4982790409897/,B00BKT314C,"Contact rosary (japan import)",
EZ-STORE,4902777187938,"明治　キシリッシュガム　アソートボトル【レインボーアソート】(117g)",http://thumbnail.image.rakuten.co.jp/@0_mall/suehiro-cop/cabinet/ikkatu2/4902777187938.jpg?_ex=128x128,478,http://item.rakuten.co.jp/suehiro-cop/4902777187938/,B008MT1Y56,"Xylish Rainbow Assort Bottle New Item!! Buy It Now!! 7 Fruits Flavor gum 117g",1240
EZ-STORE,4970825089855,"★よりどり3個お買い上げで送料無料★ハローキティ　　ランチボックス二段 /お弁当箱/キャラクター",http://thumbnail.image.rakuten.co.jp/@0_mall/suehiro-cop/cabinet/ikkatu2/4970825089855.jpg?_ex=128x128,966,http://item.rakuten.co.jp/suehiro-cop/4970825089855/,B00E3PL81I,"Two-stage Hello Kitty (Hello Kitty) lunch box (with partition) PW-7D (japan import)",741
EZ-STORE,4901601319699,★よりどり12個お買い上げで送料無料★貝印　シリコーンマルチトレー12個取り（ねころび）　シリコン、お菓子,http://thumbnail.image.rakuten.co.jp/@0_mall/suehiro-cop/cabinet/ikkatu2/4901601319699.jpg?_ex=128x128,198,http://item.rakuten.co.jp/suehiro-cop/4901601319699/,B006ZE8KGG,"Kai HeartForYou Silicone Multi Tray Bear Mold [Lie Down] 12-cavity (FP-5361)",1469
EZ-STORE,4906327021697,キッチンダスター100枚入　厚手タイプ【薦田紙工業】/キッチンペーパー,http://thumbnail.image.rakuten.co.jp/@0_mall/suehiro-cop/cabinet/ikkatu2/4906327021697.jpg?_ex=128x128,108,http://item.rakuten.co.jp/suehiro-cop/4906327021697/,B00FEXNTA6,"100 Pieces of Kitchen Duster (Pack of 2)",699
"100円雑貨＆日用品卸 BABABA",4991203152435,卵の穴あけ器,http://item.shopping.c.yimg.jp/i/g/kawauchi_2ekk33555,108,http://store.shopping.yahoo.co.jp/kawauchi/2ekk33555.html,B003QNIPK0,"Cookware eggs peel off neatly shell boiled",499
"100円雑貨＆日用品卸 BABABA",4952583053088,縄跳び　二重跳び練習用,http://item.shopping.c.yimg.jp/i/g/kawauchi_2nhp73251,108,http://store.shopping.yahoo.co.jp/kawauchi/2nhp73251.html,B00BJXEKSA,"The double jump　Master",999
"100円雑貨＆日用品卸 BABABA",4905596134640,コップ　ピクニック用　５カップ　,http://item.shopping.c.yimg.jp/i/g/kawauchi_2inm37017,108,http://store.shopping.yahoo.co.jp/kawauchi/2inm37017.html,B004XXMI7S,"Japanese 5pc Set Plastic Picnic Cup with Holder #4640",599
"100円雑貨＆日用品卸 BABABA",4546785584084,うちわ　富嶽　浪裏　幅２３ｃｍ,http://item.shopping.c.yimg.jp/i/g/kawauchi_2jpp91105,108,http://store.shopping.yahoo.co.jp/kawauchi/2jpp91105.html,B00KU12BJ2,"Katsushika Hokusai Fugaku Namiura Uchiwa (Paddle Fan)",
"100円雑貨＆日用品卸 BABABA",4901991008296,消しゴム　ＭＯＮＯ　２個入,http://item.shopping.c.yimg.jp/i/g/kawauchi_2kyb71901,108,http://store.shopping.yahoo.co.jp/kawauchi/2kyb71901.html,B0016GG8BW,"Tombow MONO eraser mono PE01 JSA-261 2 pcs",396
"100円雑貨＆日用品卸 BABABA",4955959143529,スープマグカップ　グリーン　４５０ｍｌ,http://item.shopping.c.yimg.jp/i/g/kawauchi_2nky34199,108,http://store.shopping.yahoo.co.jp/kawauchi/2nky34199.html,B00D2POS8U,"Jappanese Soup Mug Green - 450mL",799
"100円雑貨＆日用品卸 BABABA",4905687000434,パッチンお風呂ネット,http://item.shopping.c.yimg.jp/i/g/kawauchi_2srg56047,108,http://store.shopping.yahoo.co.jp/kawauchi/2srg56047.html,B008DJGXBK,"Patching Bath NET (Pack of 2)",
"100円雑貨＆日用品卸 BABABA",4955959143512,スープマグカップ　ピンク　４５０ｍｌ,http://item.shopping.c.yimg.jp/i/g/kawauchi_2nky34197,108,http://store.shopping.yahoo.co.jp/kawauchi/2nky34197.html,B00D2POV3W,"Japan Soup Mug Red - 450 mL",799
"100円雑貨＆日用品卸 BABABA",4977498018892,強力6連吸盤フック/No.3173,http://item.shopping.c.yimg.jp/i/g/kawauchi_2pni70021,108,http://store.shopping.yahoo.co.jp/kawauchi/2pni70021.html,B008DJHN8C,"Utensil Rack, with 6 Hooks",1295
"100円雑貨＆日用品卸 BABABA",4905687151549,フック　ベルトタイプ　ブラック　２個入,http://item.shopping.c.yimg.jp/i/g/kawauchi_2srg70099,108,http://store.shopping.yahoo.co.jp/kawauchi/2srg70099.html,B004YFLP56,"Stable Belted Hook",1400
"100円雑貨＆日用品卸 BABABA",4973430016063,バターケース　バターナイフ付き,http://item.shopping.c.yimg.jp/i/g/kawauchi_2snd45147,108,http://store.shopping.yahoo.co.jp/kawauchi/2snd45147.html,B00899QGW0,"Plastic Butter Serving Storage Case",
"100円雑貨＆日用品卸 BABABA",4546785571756,ブラック綿棒　紙軸　スパイラル形状綿　１５０本入,http://item.shopping.c.yimg.jp/i/g/kawauchi_2jpp52019,108,http://store.shopping.yahoo.co.jp/kawauchi/2jpp52019.html,B005EV2B3O,"Black cotton swab/Q-tips spiral shape 150 pieces",1078
"100円雑貨＆日用品卸 BABABA",4973430011815,割り箸　収納ケース,http://item.shopping.c.yimg.jp/i/g/kawauchi_2snd31057,108,http://store.shopping.yahoo.co.jp/kawauchi/2snd31057.html,B003OPJZTK,"Disposable Chopsticks Holder",
"100円雑貨＆日用品卸 BABABA",4952583056324,ひだまりのことり,http://item.shopping.c.yimg.jp/i/g/kawauchi_2nhp73248,108,http://store.shopping.yahoo.co.jp/kawauchi/2nhp73248.html,B01A6L8G9E,"Hidamari Kotori (Small Bird in Sunlight) - solar sell toy",1499
"100円雑貨＆日用品卸 BABABA",4972822131292,ＬＥＤライト　スタンドライト,http://item.shopping.c.yimg.jp/i/g/kawauchi_2gro80029,108,http://store.shopping.yahoo.co.jp/kawauchi/2gro80029.html,B00RYFX2NG,"※※※LED Desk Lamp 【Mini Size LED Light】",
"100円雑貨＆日用品卸 BABABA",4977498010025,色えんぴつ　１２色,http://item.shopping.c.yimg.jp/i/g/kawauchi_2pni71509,108,http://store.shopping.yahoo.co.jp/kawauchi/2pni71509.html,B008DC0LS8,"12P color pencil [buying 12 pieces] 4055",
"100円雑貨＆日用品卸 BABABA",4991203143693,爪切り　赤ちゃん用,http://item.shopping.c.yimg.jp/i/g/kawauchi_2ekk52017,108,http://store.shopping.yahoo.co.jp/kawauchi/2ekk52017.html,B003Z69OAS,"Yellow Baby Nail Rounded Scissors with Cap Easy and Safe",1295
"100円雑貨＆日用品卸 BABABA",4956810225989,"おやす耳 クッションタイプ/No.2598",http://item.shopping.c.yimg.jp/i/g/kawauchi_2kkb52019,108,http://store.shopping.yahoo.co.jp/kawauchi/2kkb52019.html,B003YNQ180,"Soft Earplug",200
"100円雑貨＆日用品卸 BABABA",4955959130710,お椀　黒,http://item.shopping.c.yimg.jp/i/g/kawauchi_2nky32075,108,http://store.shopping.yahoo.co.jp/kawauchi/2nky32075.html,B008DJG3O2,"Japanese Bowl",799
"100円雑貨＆日用品卸 BABABA",4973430583701,ラップ蓋　大・小セット,http://item.shopping.c.yimg.jp/i/g/kawauchi_2snd33073,108,http://store.shopping.yahoo.co.jp/kawauchi/2snd33073.html,B003QNGNVS,"Microwave Bowl Cup Cover Set of 2",1102
"100円雑貨＆日用品卸 BABABA",4956810707829,保護パッド　足指うおの目用　サークルタイプ　１５枚入,http://item.shopping.c.yimg.jp/i/g/kawauchi_2kkb52025,108,http://store.shopping.yahoo.co.jp/kawauchi/2kkb52025.html,B00HARVTTW,"Corn Cushions 15 Cushions Round Shape",
"100円雑貨＆日用品卸 BABABA",4984324013877,電子レンジ　お掃除　スポンジ　電子レンジきれい,http://item.shopping.c.yimg.jp/i/g/kawauchi_2snd51047,108,http://store.shopping.yahoo.co.jp/kawauchi/2snd51047.html,B003PRSTYO,"Microwave oven cleaning wipe(pack of 5)",2200
"100円雑貨＆日用品卸 BABABA",4904901110225,おはじき,http://item.shopping.c.yimg.jp/i/g/kawauchi_2siw73003,108,http://store.shopping.yahoo.co.jp/kawauchi/2siw73003.html,B001CTBKAC,"Marbles 1",1827
100円ストアYAMANI,4904642100066,"大一製菓(株) バターボール  12入セット　1個あたり108円",http://item.shopping.c.yimg.jp/i/g/100enstoreyamani_520110,1296,http://store.shopping.yahoo.co.jp/100enstoreyamani/520110.html,B00FLLSMS0,"Butter ball candy x12packsx1case",
100円ストアYAMANI,4965534304009,"7デイズピルケース  10入セット　1個あたり108円",http://item.shopping.c.yimg.jp/i/g/100enstoreyamani_411006,1080,http://store.shopping.yahoo.co.jp/100enstoreyamani/411006.html,B002HTZXB8,"7days 3times In-a-day Rainbow Pill Case",175
100円ストアYAMANI,4972940618934,"ハローキティー　デザートフォーク　１Ｐ  10入セット　1個あたり108円",http://item.shopping.c.yimg.jp/i/g/100enstoreyamani_290213,1080,http://store.shopping.yahoo.co.jp/100enstoreyamani/290213.html,B00RHQNUTS,"Hello Kitty Stainless Steel Large Fork Made in Japan",
100円ストアYAMANI,4984324014966,"ヒールアップパッド　20【日用品雑貨】  10入セット　1個あたり108円",http://item.shopping.c.yimg.jp/i/g/100enstoreyamani_270340,1080,http://store.shopping.yahoo.co.jp/100enstoreyamani/270340.html,B0071YHLP0,"1pair Unisex Increase Shoes Inserts Insoles Secret + 2cm [Japan Import]",626
100円ストアYAMANI,4991203128522,"ステンレス万能トレー  12入セット　1個あたり108円",http://item.shopping.c.yimg.jp/i/g/100enstoreyamani_150701,1296,http://store.shopping.yahoo.co.jp/100enstoreyamani/150701.html,B004NMXHLU,"Stainless steel tray 18 ~ 25",450
100円ストアYAMANI,4955959130918,"レンジ椀亀甲　黒  10入セット　1個あたり108円",http://item.shopping.c.yimg.jp/i/g/100enstoreyamani_090530,1080,http://store.shopping.yahoo.co.jp/100enstoreyamani/090530.html,B002HDWD3K,"1 X Microwavable Donburi Bowl Black Small",499
100円ストアYAMANI,4969757101162,"カラーホイルおりがみ  10入セット　1個あたり108円",http://item.shopping.c.yimg.jp/i/g/100enstoreyamani_360613,1080,http://store.shopping.yahoo.co.jp/100enstoreyamani/360613.html,B0042B4JFK,"Origami Paper Single Side Assorted Metallic Color 20 Sheets 6in",416
100円ストアYAMANI,4934481997053,"急須茶こし　台紙付　６０号  10入セット　1個あたり108円",http://item.shopping.c.yimg.jp/i/g/100enstoreyamani_170100,1080,http://store.shopping.yahoo.co.jp/100enstoreyamani/170100.html,B0042IYJXK,"Tea Strainer 60mm #7053",1004
100円ストアYAMANI,4974835042190,"亀甲汁椀 黒内朱  10入セット　1個あたり108円",http://item.shopping.c.yimg.jp/i/g/100enstoreyamani_190200,1080,http://store.shopping.yahoo.co.jp/100enstoreyamani/190200.html,B00881WLX2,"Japanese Tanaka Soup or Rice Bowl",599
100円ストアYAMANI,4969757100202,"油こし紙　（丸型）  10入セット　1個あたり108円",http://item.shopping.c.yimg.jp/i/g/100enstoreyamani_160505,1080,http://store.shopping.yahoo.co.jp/100enstoreyamani/160505.html,B008DJG5S6,"Straining Paper for Oil (Abura Koshi Gami) - 0.01oz (Pack of 1)",328
100円ストアYAMANI,4969757101148,"京 ちよがみ　48枚入  10入セット　1個あたり108円",http://item.shopping.c.yimg.jp/i/g/100enstoreyamani_360520,1080,http://store.shopping.yahoo.co.jp/100enstoreyamani/360520.html,B001QJX3QW,"48s Origami Folding Paper",478
100円ストアYAMANI,4971902921174,"冷却シート4枚入大人用 （ミントの香り）  10入セット　1個あたり108円",http://item.shopping.c.yimg.jp/i/g/100enstoreyamani_460415,1080,http://store.shopping.yahoo.co.jp/100enstoreyamani/460415.html,B0089KFZOO,"Scent of 4 pieces for adults mint cooling sheet to increase chilled",
100円ストアYAMANI,4968988070308,"ベビー綿棒　30本入  12入セット　1個あたり108円",http://item.shopping.c.yimg.jp/i/g/100enstoreyamani_400207,1296,http://store.shopping.yahoo.co.jp/100enstoreyamani/400207.html,B007RM5UC2,"Individual package type antibacterial baby thin shaft swab 35 pieces",6088
100円ストアYAMANI,4520297030512,"軟筆ふでペン  10入セット　1個あたり108円",http://item.shopping.c.yimg.jp/i/g/100enstoreyamani_340515,1080,http://store.shopping.yahoo.co.jp/100enstoreyamani/340515.html,B001ESMPK0,"1 X Japanese Calligraphy Brush Pen Ink Prefilled",75
100円ストアYAMANI,4905596312192,"アイヴィー　シューズハンガー　グリーン  10入セット　1個あたり108円",http://item.shopping.c.yimg.jp/i/g/100enstoreyamani_130831,1080,http://store.shopping.yahoo.co.jp/100enstoreyamani/130831.html,B004PXUKEY,"Japanese Plastic Shoes Hanger Boot Holder (Lime)",799
100円ストアYAMANI,4991203139566,"ツーウェイ玉子切器  10入セット　1個あたり108円",http://item.shopping.c.yimg.jp/i/g/100enstoreyamani_151011,1080,http://store.shopping.yahoo.co.jp/100enstoreyamani/151011.html,B008DJG9DC,"2 Way Egg Cutter",699
100円ストアYAMANI,4906643200363,"ペン型修正テープ 4.2mm  10入セット　1個あたり108円",http://item.shopping.c.yimg.jp/i/g/100enstoreyamani_340815,1080,http://store.shopping.yahoo.co.jp/100enstoreyamani/340815.html,B000THNX9E,"Seed pen type correction tape Keshiwado copy also 4.2mm",2322
100円ストアYAMANI,4971902921181,"冷却シート4枚入子供用 （ももの香り）  10入セット　1個あたり108円",http://item.shopping.c.yimg.jp/i/g/100enstoreyamani_460420,1080,http://store.shopping.yahoo.co.jp/100enstoreyamani/460420.html,B0089KFZV2,"Cooling Gel Sheets",
